Old path,New path
/solutions-acos,/audience-segments/acos-msos
/solutions-health-plans,/audience-segments/health-plans
/solutions-fqhcs,/audience-segments/fqhcs
/solutions-health-systems,/audience-segments/health-systems
/solutions-ascs,/audience-segments/ascs
/solutions-independent-practices,/audience-segments/independent-group-practices
/who-we-serve/acos-msos,/audience-segments/acos-msos
/who-we-serve/health-plans,/audience-segments/health-plans
/who-we-serve/fqhcs,/audience-segments/fqhcs
/who-we-serve/health-systems,/audience-segments/health-systems
/who-we-serve/ascs,/audience-segments/ascs
/who-we-serve/independent-group-practices,/audience-segments/independent-group-practices
/blog-beyond-chatbots-autonomous-ai-agents-healthcare,/blog-posts/beyond-chatbots-autonomous-ai-agents-healthcare
/blog-prior-authorization-bottlenecks-ai-automation-helps-providers,/blog-posts/prior-authorization-bottlenecks-ai-automation-helps-providers
/blog-predictive-analytics-healthcare-ai-population-health-management,/blog-posts/predictive-analytics-healthcare-ai-population-health-management
/blog-ai-changing-decision-making-healthcare,/blog-posts/ai-changing-decision-making-healthcare
/blog-ai-medical-scribes-reduce-physician-burnout,/blog-posts/ai-medical-scribes-reduce-physician-burnout
/blog-reducing-no-shows-behaviorally-intelligent-ai-scheduling-agents,/blog-posts/reducing-no-shows-behaviorally-intelligent-ai-scheduling-agents
/blog-zynix-ai-surpasses-1-million-vbc-patients,/blog-posts/zynix-ai-surpasses-1-million-vbc-patients
/blog-tools-driving-shift-value-based-healthcare,/blog-posts/tools-driving-shift-value-based-healthcare
/blog-acos-consistent-30-day-post-discharge-program,/blog-posts/acos-consistent-30-day-post-discharge-program
/press/pbaco-partnership,/press
/agents/transitions-of-care,/agents
/agents/operational-efficiency,/agents
/agents/clinical-performance,/agents
/agents/operational-efficiency/zynafterhours-triage,/agents
/agents/operational-efficiency/zynschedule,/agents
/agents/preventive-quality-activation/zynreminder,/agents
/solutions-use-case-tcm,/use-cases/post-discharge-follow-up
/solutions-use-case-gap-closure,/use-cases/hcc-gap-closure-health-system-aco
/solutions-use-case-readmission-prevention,/use-cases/post-discharge-tcm-readmission
/solutions-use-case-after-hours,/use-cases/after-hours-triage-multi-site
/solutions-use-case-prior-auth,/use-cases/prior-auth-high-volume-specialty
/solutions-use-case-preventive-screening,/use-cases/preventive-screening-gap-fqhc
/products-ai-agents-awv-outreach,/agents
/products-ai-agents-care-gaps,/agents
/products-ai-agents-care-management,/agents
/products-ai-agents-patients-not-seen,/agents
/products-ai-agents-post-discharge,/agents
/products-ai-agents-zynafterhours,/agents
/products-ai-agents-zynauth,/agents
/products-ai-agents-zynfax,/agents
/products-ai-agents-zynreminder,/agents
/products-ai-agents-zynschedule,/agents
/products-ai-agents-med-rec,/agents
/clinical-performance,/agents
/operational-efficiency,/agents
/predictive-activation,/agents
/platform-legacy,/platform
/blog-why-tcm-fails-real-workflows,/blog-posts/why-tcm-fails-real-workflows
/deprecated-blog,/resources-blog
/deprecated-case-studies,/resources-case-studies
/deprecated-faq,/resources-faq
/deprecated-trust-center,/security
/untitled-13,/integrations
/untitled-14,/integrations
/untitled-22,/solutions
/untitled-26,/solutions
/untitled-27,/products-analytics
/untitled-28,/products-analytics
/untitled-29,/agents
/untitled-30,/resources-blog
/untitled-31,/resources-blog
